[
	{
		"id": 0,
		"pafta": "NK35-1",
		"lat": 43.5,
		"lng": 25,
		"north": 44,
		"east": 26,
		"south": 43,
		"west": 24
	},
	{
		"id": 1,
		"pafta": "NK35-2",
		"lat": 43.5,
		"lng": 27,
		"north": 44,
		"east": 28,
		"south": 43,
		"west": 26
	},
	{
		"id": 2,
		"pafta": "NK35-3",
		"lat": 43.5,
		"lng": 29,
		"north": 44,
		"east": 30,
		"south": 43,
		"west": 28
	},
	{
		"id": 3,
		"pafta": "NK38-1",
		"lat": 43.5,
		"lng": 43,
		"north": 44,
		"east": 44,
		"south": 43,
		"west": 42
	},
	{
		"id": 4,
		"pafta": "NK38-2",
		"lat": 43.5,
		"lng": 45,
		"north": 44,
		"east": 46,
		"south": 43,
		"west": 44
	},
	{
		"id": 5,
		"pafta": "NK35-4",
		"lat": 42.5,
		"lng": 25,
		"north": 43,
		"east": 26,
		"south": 42,
		"west": 24
	},
	{
		"id": 6,
		"pafta": "NK35-5",
		"lat": 42.625,
		"lng": 27,
		"north": 43,
		"east": 28,
		"south": 42.25,
		"west": 26
	},
	{
		"id": 7,
		"pafta": "NK37-6",
		"lat": 42.5,
		"lng": 41,
		"north": 43,
		"east": 42,
		"south": 42,
		"west": 40
	},
	{
		"id": 8,
		"pafta": "NK38-4",
		"lat": 42.5,
		"lng": 43,
		"north": 43,
		"east": 44,
		"south": 42,
		"west": 42
	},
	{
		"id": 9,
		"pafta": "NK38-5",
		"lat": 42.5,
		"lng": 45,
		"north": 43,
		"east": 46,
		"south": 42,
		"west": 44
	},
	{
		"id": 10,
		"pafta": "NK35-7b",
		"lat": 41.625,
		"lng": 26.25,
		"north": 42.25,
		"east": 27,
		"south": 41,
		"west": 25.5
	},
	{
		"id": 11,
		"pafta": "NK35-8b",
		"lat": 41.625,
		"lng": 27.75,
		"north": 42.25,
		"east": 28.5,
		"south": 41,
		"west": 27
	},
	{
		"id": 12,
		"pafta": "NK36-11",
		"lat": 41.5625,
		"lng": 33.75,
		"north": 42.125,
		"east": 34.5,
		"south": 41,
		"west": 33
	},
	{
		"id": 13,
		"pafta": "NK36-12",
		"lat": 41.5625,
		"lng": 35.25,
		"north": 42.125,
		"east": 36,
		"south": 41,
		"west": 34.5
	},
	{
		"id": 14,
		"pafta": "NK35-7",
		"lat": 41.5,
		"lng": 24.75,
		"north": 42,
		"east": 25.5,
		"south": 41,
		"west": 24
	},
	{
		"id": 15,
		"pafta": "NK35-9",
		"lat": 41.5,
		"lng": 29.25,
		"north": 42,
		"east": 30,
		"south": 41,
		"west": 28.5
	},
	{
		"id": 16,
		"pafta": "NK36-9",
		"lat": 41.5,
		"lng": 30.75,
		"north": 42,
		"east": 31.5,
		"south": 41,
		"west": 30
	},
	{
		"id": 17,
		"pafta": "NK36-10",
		"lat": 41.5,
		"lng": 32.25,
		"north": 42,
		"east": 33,
		"south": 41,
		"west": 31.5
	},
	{
		"id": 18,
		"pafta": "NK37-9",
		"lat": 41.5,
		"lng": 36.75,
		"north": 42,
		"east": 37.5,
		"south": 41,
		"west": 36
	},
	{
		"id": 19,
		"pafta": "NK37-10",
		"lat": 41.5,
		"lng": 38.25,
		"north": 42,
		"east": 39,
		"south": 41,
		"west": 37.5
	},
	{
		"id": 20,
		"pafta": "NK37-11",
		"lat": 41.5,
		"lng": 39.75,
		"north": 42,
		"east": 40.5,
		"south": 41,
		"west": 39
	},
	{
		"id": 21,
		"pafta": "NK37-12",
		"lat": 41.5,
		"lng": 41.25,
		"north": 42,
		"east": 42,
		"south": 41,
		"west": 40.5
	},
	{
		"id": 22,
		"pafta": "NK38-7",
		"lat": 41.5,
		"lng": 43,
		"north": 42,
		"east": 44,
		"south": 41,
		"west": 42
	},
	{
		"id": 23,
		"pafta": "NK38-8",
		"lat": 41.5,
		"lng": 45,
		"north": 42,
		"east": 46,
		"south": 41,
		"west": 44
	},
	{
		"id": 24,
		"pafta": "NK35-10",
		"lat": 40.5,
		"lng": 24.75,
		"north": 41,
		"east": 25.5,
		"south": 40,
		"west": 24
	},
	{
		"id": 25,
		"pafta": "NK35-10b",
		"lat": 40.5,
		"lng": 26.25,
		"north": 41,
		"east": 27,
		"south": 40,
		"west": 25.5
	},
	{
		"id": 26,
		"pafta": "NK35-11b",
		"lat": 40.5,
		"lng": 27.75,
		"north": 41,
		"east": 28.5,
		"south": 40,
		"west": 27
	},
	{
		"id": 27,
		"pafta": "NK35-12",
		"lat": 40.5,
		"lng": 29.25,
		"north": 41,
		"east": 30,
		"south": 40,
		"west": 28.5
	},
	{
		"id": 28,
		"pafta": "NK36-13",
		"lat": 40.5,
		"lng": 30.75,
		"north": 41,
		"east": 31.5,
		"south": 40,
		"west": 30
	},
	{
		"id": 29,
		"pafta": "NK36-14",
		"lat": 40.5,
		"lng": 32.25,
		"north": 41,
		"east": 33,
		"south": 40,
		"west": 31.5
	},
	{
		"id": 30,
		"pafta": "NK36-15",
		"lat": 40.5,
		"lng": 33.75,
		"north": 41,
		"east": 34.5,
		"south": 40,
		"west": 33
	},
	{
		"id": 31,
		"pafta": "NK36-16",
		"lat": 40.5,
		"lng": 35.25,
		"north": 41,
		"east": 36,
		"south": 40,
		"west": 34.5
	},
	{
		"id": 32,
		"pafta": "NK37-13",
		"lat": 40.5,
		"lng": 36.75,
		"north": 41,
		"east": 37.5,
		"south": 40,
		"west": 36
	},
	{
		"id": 33,
		"pafta": "NK37-14",
		"lat": 40.5,
		"lng": 38.25,
		"north": 41,
		"east": 39,
		"south": 40,
		"west": 37.5
	},
	{
		"id": 34,
		"pafta": "NK37-15",
		"lat": 40.5,
		"lng": 39.75,
		"north": 41,
		"east": 40.5,
		"south": 40,
		"west": 39
	},
	{
		"id": 35,
		"pafta": "NK37-16",
		"lat": 40.5,
		"lng": 41.25,
		"north": 41,
		"east": 42,
		"south": 40,
		"west": 40.5
	},
	{
		"id": 36,
		"pafta": "NK38-10",
		"lat": 40.5,
		"lng": 43,
		"north": 41,
		"east": 44,
		"south": 40,
		"west": 42
	},
	{
		"id": 37,
		"pafta": "NK38-11",
		"lat": 40.5,
		"lng": 45,
		"north": 41,
		"east": 46,
		"south": 40,
		"west": 44
	},
	{
		"id": 38,
		"pafta": "NJ38-2",
		"lat": 39.625,
		"lng": 44.25,
		"north": 40.25,
		"east": 45,
		"south": 39,
		"west": 43.5
	},
	{
		"id": 39,
		"pafta": "NJ35-1",
		"lat": 39.5,
		"lng": 24.75,
		"north": 40,
		"east": 25.5,
		"south": 39,
		"west": 24
	},
	{
		"id": 40,
		"pafta": "NJ35-2",
		"lat": 39.5,
		"lng": 26.25,
		"north": 40,
		"east": 27,
		"south": 39,
		"west": 25.5
	},
	{
		"id": 41,
		"pafta": "NJ35-3",
		"lat": 39.5,
		"lng": 27.75,
		"north": 40,
		"east": 28.5,
		"south": 39,
		"west": 27
	},
	{
		"id": 42,
		"pafta": "NJ35-4",
		"lat": 39.5,
		"lng": 29.25,
		"north": 40,
		"east": 30,
		"south": 39,
		"west": 28.5
	},
	{
		"id": 43,
		"pafta": "NJ36-1",
		"lat": 39.5,
		"lng": 30.75,
		"north": 40,
		"east": 31.5,
		"south": 39,
		"west": 30
	},
	{
		"id": 44,
		"pafta": "NJ36-2",
		"lat": 39.5,
		"lng": 32.25,
		"north": 40,
		"east": 33,
		"south": 39,
		"west": 31.5
	},
	{
		"id": 45,
		"pafta": "NJ36-3",
		"lat": 39.5,
		"lng": 33.75,
		"north": 40,
		"east": 34.5,
		"south": 39,
		"west": 33
	},
	{
		"id": 46,
		"pafta": "NJ36-4",
		"lat": 39.5,
		"lng": 35.25,
		"north": 40,
		"east": 36,
		"south": 39,
		"west": 34.5
	},
	{
		"id": 47,
		"pafta": "NJ37-1",
		"lat": 39.5,
		"lng": 36.75,
		"north": 40,
		"east": 37.5,
		"south": 39,
		"west": 36
	},
	{
		"id": 48,
		"pafta": "NJ37-2",
		"lat": 39.5,
		"lng": 38.25,
		"north": 40,
		"east": 39,
		"south": 39,
		"west": 37.5
	},
	{
		"id": 49,
		"pafta": "NJ37-3",
		"lat": 39.5,
		"lng": 39.75,
		"north": 40,
		"east": 40.5,
		"south": 39,
		"west": 39
	},
	{
		"id": 50,
		"pafta": "NJ37-4",
		"lat": 39.5,
		"lng": 41.25,
		"north": 40,
		"east": 42,
		"south": 39,
		"west": 40.5
	},
	{
		"id": 51,
		"pafta": "NJ38-1",
		"lat": 39.5,
		"lng": 42.75,
		"north": 40,
		"east": 43.5,
		"south": 39,
		"west": 42
	},
	{
		"id": 52,
		"pafta": "NJ35-5",
		"lat": 38.5,
		"lng": 24.75,
		"north": 39,
		"east": 25.5,
		"south": 38,
		"west": 24
	},
	{
		"id": 53,
		"pafta": "NJ35-6",
		"lat": 38.5,
		"lng": 26.25,
		"north": 39,
		"east": 27,
		"south": 38,
		"west": 25.5
	},
	{
		"id": 54,
		"pafta": "NJ35-7",
		"lat": 38.5,
		"lng": 27.75,
		"north": 39,
		"east": 28.5,
		"south": 38,
		"west": 27
	},
	{
		"id": 55,
		"pafta": "NJ35-8",
		"lat": 38.5,
		"lng": 29.25,
		"north": 39,
		"east": 30,
		"south": 38,
		"west": 28.5
	},
	{
		"id": 56,
		"pafta": "NJ36-5",
		"lat": 38.5,
		"lng": 30.75,
		"north": 39,
		"east": 31.5,
		"south": 38,
		"west": 30
	},
	{
		"id": 57,
		"pafta": "NJ36-6",
		"lat": 38.5,
		"lng": 32.25,
		"north": 39,
		"east": 33,
		"south": 38,
		"west": 31.5
	},
	{
		"id": 58,
		"pafta": "NJ36-7",
		"lat": 38.5,
		"lng": 33.75,
		"north": 39,
		"east": 34.5,
		"south": 38,
		"west": 33
	},
	{
		"id": 59,
		"pafta": "NJ36-8",
		"lat": 38.5,
		"lng": 35.25,
		"north": 39,
		"east": 36,
		"south": 38,
		"west": 34.5
	},
	{
		"id": 60,
		"pafta": "NJ37-5",
		"lat": 38.5,
		"lng": 36.75,
		"north": 39,
		"east": 37.5,
		"south": 38,
		"west": 36
	},
	{
		"id": 61,
		"pafta": "NJ37-6",
		"lat": 38.5,
		"lng": 38.25,
		"north": 39,
		"east": 39,
		"south": 38,
		"west": 37.5
	},
	{
		"id": 62,
		"pafta": "NJ37-7",
		"lat": 38.5,
		"lng": 39.75,
		"north": 39,
		"east": 40.5,
		"south": 38,
		"west": 39
	},
	{
		"id": 63,
		"pafta": "NJ37-8",
		"lat": 38.5,
		"lng": 41.25,
		"north": 39,
		"east": 42,
		"south": 38,
		"west": 40.5
	},
	{
		"id": 64,
		"pafta": "NJ38-5",
		"lat": 38.5,
		"lng": 42.75,
		"north": 39,
		"east": 43.5,
		"south": 38,
		"west": 42
	},
	{
		"id": 65,
		"pafta": "NJ38-6",
		"lat": 38.5,
		"lng": 44.25,
		"north": 39,
		"east": 45,
		"south": 38,
		"west": 43.5
	},
	{
		"id": 66,
		"pafta": "NJ35-9",
		"lat": 37.5,
		"lng": 24.75,
		"north": 38,
		"east": 25.5,
		"south": 37,
		"west": 24
	},
	{
		"id": 67,
		"pafta": "NJ35-10",
		"lat": 37.5,
		"lng": 26.25,
		"north": 38,
		"east": 27,
		"south": 37,
		"west": 25.5
	},
	{
		"id": 68,
		"pafta": "NJ35-11",
		"lat": 37.5,
		"lng": 27.75,
		"north": 38,
		"east": 28.5,
		"south": 37,
		"west": 27
	},
	{
		"id": 69,
		"pafta": "NJ35-12",
		"lat": 37.5,
		"lng": 29.25,
		"north": 38,
		"east": 30,
		"south": 37,
		"west": 28.5
	},
	{
		"id": 70,
		"pafta": "NJ36-9",
		"lat": 37.5,
		"lng": 30.75,
		"north": 38,
		"east": 31.5,
		"south": 37,
		"west": 30
	},
	{
		"id": 71,
		"pafta": "NJ36-10",
		"lat": 37.5,
		"lng": 32.25,
		"north": 38,
		"east": 33,
		"south": 37,
		"west": 31.5
	},
	{
		"id": 72,
		"pafta": "NJ36-11",
		"lat": 37.5,
		"lng": 33.75,
		"north": 38,
		"east": 34.5,
		"south": 37,
		"west": 33
	},
	{
		"id": 73,
		"pafta": "NJ36-12",
		"lat": 37.5,
		"lng": 35.25,
		"north": 38,
		"east": 36,
		"south": 37,
		"west": 34.5
	},
	{
		"id": 74,
		"pafta": "NJ37-9",
		"lat": 37.5,
		"lng": 36.75,
		"north": 38,
		"east": 37.5,
		"south": 37,
		"west": 36
	},
	{
		"id": 75,
		"pafta": "NJ37-10",
		"lat": 37.5,
		"lng": 38.25,
		"north": 38,
		"east": 39,
		"south": 37,
		"west": 37.5
	},
	{
		"id": 76,
		"pafta": "NJ37-11",
		"lat": 37.5,
		"lng": 39.75,
		"north": 38,
		"east": 40.5,
		"south": 37,
		"west": 39
	},
	{
		"id": 77,
		"pafta": "NJ37-12",
		"lat": 37.5,
		"lng": 41.25,
		"north": 38,
		"east": 42,
		"south": 37,
		"west": 40.5
	},
	{
		"id": 78,
		"pafta": "NJ38-9",
		"lat": 37.5,
		"lng": 42.75,
		"north": 38,
		"east": 43.5,
		"south": 37,
		"west": 42
	},
	{
		"id": 79,
		"pafta": "NJ38-10",
		"lat": 37.4375,
		"lng": 44.25,
		"north": 38,
		"east": 45,
		"south": 36.875,
		"west": 43.5
	},
	{
		"id": 80,
		"pafta": "NJ35-13",
		"lat": 36.5,
		"lng": 24.75,
		"north": 37,
		"east": 25.5,
		"south": 36,
		"west": 24
	},
	{
		"id": 81,
		"pafta": "NJ35-14",
		"lat": 36.5,
		"lng": 26.25,
		"north": 37,
		"east": 27,
		"south": 36,
		"west": 25.5
	},
	{
		"id": 82,
		"pafta": "NJ35-15",
		"lat": 36.5,
		"lng": 27.75,
		"north": 37,
		"east": 28.5,
		"south": 36,
		"west": 27
	},
	{
		"id": 83,
		"pafta": "NJ35-16",
		"lat": 36.5,
		"lng": 29.25,
		"north": 37,
		"east": 30,
		"south": 36,
		"west": 28.5
	},
	{
		"id": 84,
		"pafta": "NJ36-13",
		"lat": 36.5,
		"lng": 30.75,
		"north": 37,
		"east": 31.5,
		"south": 36,
		"west": 30
	},
	{
		"id": 85,
		"pafta": "NJ36-14",
		"lat": 36.5,
		"lng": 32.25,
		"north": 37,
		"east": 33,
		"south": 36,
		"west": 31.5
	},
	{
		"id": 86,
		"pafta": "NJ36-15",
		"lat": 36.5,
		"lng": 33.75,
		"north": 37,
		"east": 34.5,
		"south": 36,
		"west": 33
	},
	{
		"id": 87,
		"pafta": "NJ36-16",
		"lat": 36.4375,
		"lng": 35.25,
		"north": 37,
		"east": 36,
		"south": 35.875,
		"west": 34.5
	},
	{
		"id": 88,
		"pafta": "NJ37-13",
		"lat": 36.4375,
		"lng": 36.75,
		"north": 37,
		"east": 37.5,
		"south": 35.875,
		"west": 36
	},
	{
		"id": 89,
		"pafta": "NJ37-14",
		"lat": 36.5,
		"lng": 38.25,
		"north": 37,
		"east": 39,
		"south": 36,
		"west": 37.5
	},
	{
		"id": 90,
		"pafta": "NJ37-15",
		"lat": 36.5,
		"lng": 39.75,
		"north": 37,
		"east": 40.5,
		"south": 36,
		"west": 39
	},
	{
		"id": 91,
		"pafta": "NJ37-16",
		"lat": 36.5,
		"lng": 41.25,
		"north": 37,
		"east": 42,
		"south": 36,
		"west": 40.5
	},
	{
		"id": 92,
		"pafta": "NJ38-13",
		"lat": 36.5,
		"lng": 42.75,
		"north": 37,
		"east": 43.5,
		"south": 36,
		"west": 42
	},
	{
		"id": 93,
		"pafta": "NJ38-14",
		"lat": 36.5,
		"lng": 44.25,
		"north": 37,
		"east": 45,
		"south": 36,
		"west": 43.5
	},
	{
		"id": 94,
		"pafta": "NI35-1",
		"lat": 35.375,
		"lng": 24.75,
		"north": 36,
		"east": 25.5,
		"south": 34.75,
		"west": 24
	},
	{
		"id": 95,
		"pafta": "NI35-2",
		"lat": 35.375,
		"lng": 26.25,
		"north": 36,
		"east": 27,
		"south": 34.75,
		"west": 25.5
	},
	{
		"id": 96,
		"pafta": "NI35-3",
		"lat": 35.5,
		"lng": 27.75,
		"north": 36,
		"east": 28.5,
		"south": 35,
		"west": 27
	},
	{
		"id": 97,
		"pafta": "NI36-2",
		"lat": 35.5,
		"lng": 32.25,
		"north": 36,
		"east": 33,
		"south": 35,
		"west": 31.5
	},
	{
		"id": 98,
		"pafta": "NI36-3",
		"lat": 35.5,
		"lng": 33.875,
		"north": 36,
		"east": 34.75,
		"south": 35,
		"west": 33
	},
	{
		"id": 99,
		"pafta": "NI36-4",
		"lat": 35.5,
		"lng": 35.375,
		"north": 36,
		"east": 36,
		"south": 35,
		"west": 34.75
	},
	{
		"id": 100,
		"pafta": "NI37-1",
		"lat": 35.5,
		"lng": 36.75,
		"north": 36,
		"east": 37.5,
		"south": 35,
		"west": 36
	},
	{
		"id": 101,
		"pafta": "NI37-2",
		"lat": 35.5,
		"lng": 38.25,
		"north": 36,
		"east": 39,
		"south": 35,
		"west": 37.5
	},
	{
		"id": 102,
		"pafta": "NI37-3",
		"lat": 35.5,
		"lng": 39.75,
		"north": 36,
		"east": 40.5,
		"south": 35,
		"west": 39
	},
	{
		"id": 103,
		"pafta": "NI37-4",
		"lat": 35.5,
		"lng": 41.25,
		"north": 36,
		"east": 42,
		"south": 35,
		"west": 40.5
	},
	{
		"id": 104,
		"pafta": "NI38-1",
		"lat": 35.5,
		"lng": 42.75,
		"north": 36,
		"east": 43.5,
		"south": 35,
		"west": 42
	},
	{
		"id": 105,
		"pafta": "NI38-2",
		"lat": 35.5,
		"lng": 44.25,
		"north": 36,
		"east": 45,
		"south": 35,
		"west": 43.5
	},
	{
		"id": 106,
		"pafta": "NI36-6",
		"lat": 34.5,
		"lng": 32.25,
		"north": 35,
		"east": 33,
		"south": 34,
		"west": 31.5
	},
	{
		"id": 107,
		"pafta": "NI36-7",
		"lat": 34.5,
		"lng": 33.75,
		"north": 35,
		"east": 34.5,
		"south": 34,
		"west": 33
	},
	{
		"id": 108,
		"pafta": "NI36-8",
		"lat": 34.5,
		"lng": 35.25,
		"north": 35,
		"east": 36,
		"south": 34,
		"west": 34.5
	},
	{
		"id": 109,
		"pafta": "NI37-5",
		"lat": 34.5,
		"lng": 36.75,
		"north": 35,
		"east": 37.5,
		"south": 34,
		"west": 36
	},
	{
		"id": 110,
		"pafta": "NI37-6",
		"lat": 34.5,
		"lng": 38.25,
		"north": 35,
		"east": 39,
		"south": 34,
		"west": 37.5
	},
	{
		"id": 111,
		"pafta": "NI37-7",
		"lat": 34.5,
		"lng": 39.75,
		"north": 35,
		"east": 40.5,
		"south": 34,
		"west": 39
	},
	{
		"id": 112,
		"pafta": "NI37-8",
		"lat": 34.5,
		"lng": 41.25,
		"north": 35,
		"east": 42,
		"south": 34,
		"west": 40.5
	},
	{
		"id": 113,
		"pafta": "NI38-5",
		"lat": 34.5,
		"lng": 42.75,
		"north": 35,
		"east": 43.5,
		"south": 34,
		"west": 42
	},
	{
		"id": 114,
		"pafta": "NI38-6",
		"lat": 34.5,
		"lng": 44.25,
		"north": 35,
		"east": 45,
		"south": 34,
		"west": 43.5
	},
	{
		"id": 115,
		"pafta": "NK37-3",
		"lat": 43.5,
		"lng": 40.5,
		"north": 44,
		"east": 42,
		"south": 43,
		"west": 39
	},
	{
		"id": 116,
		"pafta": "null",
		"lat": 34.375,
		"lng": 24.75,
		"north": 34.75,
		"east": 25.5,
		"south": 34,
		"west": 24
	},
	{
		"id": 117,
		"pafta": "null",
		"lat": 34.375,
		"lng": 26.25,
		"north": 34.75,
		"east": 27,
		"south": 34,
		"west": 25.5
	},
	{
		"id": 118,
		"pafta": "null",
		"lat": 35.5,
		"lng": 30.75,
		"north": 36,
		"east": 31.5,
		"south": 35,
		"west": 30
	},
	{
		"id": 119,
		"pafta": "null",
		"lat": 34.5,
		"lng": 30.75,
		"north": 35,
		"east": 31.5,
		"south": 34,
		"west": 30
	},
	{
		"id": 120,
		"pafta": "null",
		"lat": 35.5,
		"lng": 29.25,
		"north": 36,
		"east": 30,
		"south": 35,
		"west": 28.5
	},
	{
		"id": 121,
		"pafta": "null",
		"lat": 34.5,
		"lng": 29.25,
		"north": 35,
		"east": 30,
		"south": 34,
		"west": 28.5
	},
	{
		"id": 122,
		"pafta": "null",
		"lat": 34.5,
		"lng": 27.75,
		"north": 35,
		"east": 28.5,
		"south": 34,
		"west": 27
	},
	{
		"id": 123,
		"pafta": "null",
		"lat": 43.5,
		"lng": 31,
		"north": 44,
		"east": 32,
		"south": 43,
		"west": 30
	},
	{
		"id": 124,
		"pafta": "null",
		"lat": 42.5,
		"lng": 31,
		"north": 43,
		"east": 32,
		"south": 42,
		"west": 30
	},
	{
		"id": 125,
		"pafta": "null",
		"lat": 43.5,
		"lng": 33,
		"north": 44,
		"east": 34,
		"south": 43,
		"west": 32
	},
	{
		"id": 126,
		"pafta": "null",
		"lat": 42.5,
		"lng": 33,
		"north": 43,
		"east": 34,
		"south": 42,
		"west": 32
	},
	{
		"id": 127,
		"pafta": "null",
		"lat": 43.5,
		"lng": 35,
		"north": 44,
		"east": 36,
		"south": 43,
		"west": 34
	},
	{
		"id": 128,
		"pafta": "null",
		"lat": 42.5625,
		"lng": 35,
		"north": 43,
		"east": 36,
		"south": 42.125,
		"west": 34
	},
	{
		"id": 129,
		"pafta": "null",
		"lat": 42.5,
		"lng": 37,
		"north": 43,
		"east": 38,
		"south": 42,
		"west": 36
	},
	{
		"id": 130,
		"pafta": "null",
		"lat": 42.5,
		"lng": 39,
		"north": 43,
		"east": 40,
		"south": 42,
		"west": 38
	},
	{
		"id": 131,
		"pafta": "null",
		"lat": 43.5,
		"lng": 37.5,
		"north": 44,
		"east": 39,
		"south": 43,
		"west": 36
	},
	{
		"id": 132,
		"pafta": "null",
		"lat": 42.5,
		"lng": 29,
		"north": 43,
		"east": 30,
		"south": 42,
		"west": 28
	},
	{
		"id": 133,
		"pafta": "null",
		"lat": 37,
		"lng": 45.5,
		"north": 40,
		"east": 46,
		"south": 34,
		"west": 45
	},
	{
		"id": 134,
		"pafta": "NJ38-15",
		"lat": 36.498470339377704,
		"lng": 45.497787768094554,
		"north": 37.005379154301714,
		"east": 45.99713077981073,
		"south": 35.991561524453694,
		"west": 44.998444756378376
	},
	{
		"id": 135,
		"pafta": "NI38-3",
		"lat": 35.4893710106886,
		"lng": 45.50319413869465,
		"north": 35.99569688043521,
		"east": 45.99843258063663,
		"south": 34.98304514094199,
		"west": 45.00795569675279
	}
]